CREATE DATABASE  IF NOT EXISTS `dw2022_5` /*!40100 DEFAULT CHARACTER SET utf8mb4 COLLATE utf8mb4_0900_ai_ci */ /*!80016 DEFAULT ENCRYPTION='N' */;
USE `dw2022_5`;
-- MySQL dump 10.13  Distrib 8.0.28, for Win64 (x86_64)
--
-- Host: 127.0.0.1    Database: dw2022_5
-- ------------------------------------------------------
-- Server version	8.0.28

/*!40101 SET @OLD_CHARACTER_SET_CLIENT=@@CHARACTER_SET_CLIENT */;
/*!40101 SET @OLD_CHARACTER_SET_RESULTS=@@CHARACTER_SET_RESULTS */;
/*!40101 SET @OLD_COLLATION_CONNECTION=@@COLLATION_CONNECTION */;
/*!50503 SET NAMES utf8 */;
/*!40103 SET @OLD_TIME_ZONE=@@TIME_ZONE */;
/*!40103 SET TIME_ZONE='+00:00' */;
/*!40014 SET @OLD_UNIQUE_CHECKS=@@UNIQUE_CHECKS, UNIQUE_CHECKS=0 */;
/*!40014 SET @OLD_FOREIGN_KEY_CHECKS=@@FOREIGN_KEY_CHECKS, FOREIGN_KEY_CHECKS=0 */;
/*!40101 SET @OLD_SQL_MODE=@@SQL_MODE, SQL_MODE='NO_AUTO_VALUE_ON_ZERO' */;
/*!40111 SET @OLD_SQL_NOTES=@@SQL_NOTES, SQL_NOTES=0 */;

--
-- Table structure for table `actores`
--

DROP TABLE IF EXISTS `actores`;
/*!40101 SET @saved_cs_client     = @@character_set_client */;
/*!50503 SET character_set_client = utf8mb4 */;
CREATE TABLE `actores` (
  `act_id` int unsigned NOT NULL AUTO_INCREMENT,
  `act_nombres` varchar(100) NOT NULL,
  `act_apellidos` varchar(100) NOT NULL,
  PRIMARY KEY (`act_id`)
) ENGINE=InnoDB AUTO_INCREMENT=13 DEFAULT CHARSET=utf8mb4 COLLATE=utf8mb4_0900_ai_ci;
/*!40101 SET character_set_client = @saved_cs_client */;

--
-- Dumping data for table `actores`
--

LOCK TABLES `actores` WRITE;
/*!40000 ALTER TABLE `actores` DISABLE KEYS */;
INSERT INTO `actores` VALUES (1,'Tom','Holland'),(2,'Zendaya','Colleman'),(3,'Keanu','Reeves'),(4,'Carrie-Anne','Moss'),(5,'Leonardo','Dicaprio'),(6,'kate','Winslet'),(7,'Jack','Nicolson'),(8,'Shelly','Duvall'),(9,'Pierce','Brosnan'),(10,'Izabella','Scorupco'),(11,'Vincent','D\'onofrio'),(12,'Tobbye','Maguire');
/*!40000 ALTER TABLE `actores` ENABLE KEYS */;
UNLOCK TABLES;

--
-- Table structure for table `directores`
--

DROP TABLE IF EXISTS `directores`;
/*!40101 SET @saved_cs_client     = @@character_set_client */;
/*!50503 SET character_set_client = utf8mb4 */;
CREATE TABLE `directores` (
  `dire_id` int unsigned NOT NULL AUTO_INCREMENT,
  `dire_nombres` varchar(50) NOT NULL,
  `dire_apellidos` varchar(50) NOT NULL,
  `dire_img` text,
  PRIMARY KEY (`dire_id`)
) ENGINE=InnoDB AUTO_INCREMENT=8 DEFAULT CHARSET=utf8mb4 COLLATE=utf8mb4_0900_ai_ci;
/*!40101 SET character_set_client = @saved_cs_client */;

--
-- Dumping data for table `directores`
--

LOCK TABLES `directores` WRITE;
/*!40000 ALTER TABLE `directores` DISABLE KEYS */;
INSERT INTO `directores` VALUES (1,'Jon','Watts',NULL),(2,'Lana','Wachowsky',NULL),(4,'Christopher','Nolan','data:image/jpeg;base64,/9j/4AAQSkZJRgABAQAAAQABAAD/2wCEAAoHCBUWFRgVFRUYGBgYGRgaGBoYGBgYGhwYGhgZGhgaGBgcIS4lHB4rIRgYJzgmKy8xNTU1HCQ7QDs0Py40NTEBDAwMEA8QHBISHjErJSQ0NDQ0MTQ0NDQ0NDQ0NDQ0NDE0NDQ0NDQ0NDQ0NDQ0NDQ0NDQ0MTQ1MTQ0MTQ0NDQ0P//AABEIAQcAwAMBIgACEQEDEQH/xAAbAAACAwEBAQAAAAAAAAAAAAAEBQIDBgABB//EAEIQAAIBAgQDBQYEBAQEBwEAAAECAAMRBBIhMQVBUSJhcYGRBhMyQqGxUsHR8BRicuGCkrLCIzNTohUkQ6PD0vEH/8QAGgEAAwEBAQEAAAAAAAAAAAAAAQIDAAQFBv/EACgRAAICAgIBAwQCAwAAAAAAAAABAhEDIRIxQQQyURMiYXGRsQUUQv/aAAwDAQACEQMRAD8A2hSR93CQkl7qNYtAhSeWhDpKHEIKIgS1RIoJeFgbMV2nS3LPAkFhohPbW1+soxNfLtbz/KK8VjHtq5A5ZAYvIdRHy10HO/hLFxQ5bna5mUp40c3Y/wCE3+usYUq6OvxdrluNfyiuQyiaOjiSLZ1Gttu+Fll16TL0ca4BV9SmoPUdf30hy4++2508ovIfgNyFOokWEDpVlUdo95hKY1GHd1IP3jKQrgTvOBntlOxB85GNYjRMGSBlYMkDMAtBkllamTUwmLRJWkQZNZjCZEnrSSyFSEAPUgzwlxKWWExBIQsgEkxAzE4Dj+IqnZ59ekvr1cqk+njMJ7Uca92uVNXbpuB1JiSY0UEcV48Root3uQv03iB+MP8AMcw5doi3gRE/DsK9VyWPeTub+Mf4bgl9zFKqNi/+Pe99x0bW3gw1+sccO4mp0JNj33ZfP5h3GEJwBesi/AQDdTFYyi0Nv4rs2Ygm2/Jh1lNHiLA72AA28IJheHPex1F/TrHNPhyW2iFEiqlxgA3N7xrheMoTZmA8mY+eUWgQ4anSQ/g8mq8u6boPE0OHRWGam9iddDdf8p28rRhSLWswF+oOh8LzP8NxalsrKFbptm8Ohjym1rdrQ7X+3jGjIlOJcDJiRInqyxzssWWCVrJiYxNTLVlKy1YTCq8i0mFkikwAbLO93LSJ4xmMVMsrMmzSExhFx/FlTl5AXJnzXFO1R2duuk1ftlj7Oy33JHkNJlsO4YgAfvqYjHiPeDYYKl+saLpKMMoCgCGUxeIzoj0E0X0l1xKFpy1bwDosVpajyhWl2UzDItDy5IGqGEILRQgXFaGmcbgxjwvGe8TftDf+oag+dp1ZAyEHaJODMUr5eRup+6n99YPIslo2mFxOcd43hAMR4SoFe+2uveCbXHnpHJMvF2ck1TLVMsBg4aTDRhC8GTQygNLFaEwIsmTpITrwGIEQeo8JeBVzCBnZp4DKlaQxVQBHJ5K32MwEfKPavF5q763sTAuCoXcc+sF4s5aow5sY89ncPkQsecVlYmlw67AQ6gtjEL8QK6KNesX1OJ1QSbm/TlbuiUVUqNxpPEcTGUfacro2vcQRGOE46rmw0MDQ8ZJmmAWXLaZ/EY3KQe4ylfaYKbFfraAe6NWiSxkmcT2mpkgBtTy3jXCcWRuY9RBQbDguhEyuJqslVd9GFj57Ga1HDC4iPitEZ9RuCR4iKwMZ4Zgznrcg+etvrHmaIKeDDWZGsy9odDffMOf9o6VjYX3tr4ykDnyFwaTDQcPJhpUiEK0sVoMrS5DCYgWlReQR5F2mMWM8Frmel5TVaZAZWDMn7Q8eb3r4dQQqrZj1JE05bWYr2moZMQz/AI8npbWCQ+NK3ZksYtnZuew9JosAtqajuETYpAXUdPrrNDhQNB3RCsUC1VI+Fcx5QGrTrWJd8mugUDUdxO5moWmBqBOqICPhv5Rk0ZxbMUtBz2i9yBqGAsTfYeUaYDD7EKB4RyMFfULaSSjYxZUwxi0SrYImncnaZ7GU7fLrPoCUQUtblEOM4eeQv3RPJbwZd8K9NVaydrXLZr721MPwGLQMoqIUvsynMptpvuIwTCK2h0A5cvQxzg+H0yuUqCDHfGtE4qSe+gjhVTK+QG4Ox7pfxGxdAeZI9RaQwfDwji2w2lvF01Q9HX7iSZUjwgszuhNgjKvqik/Ux7VBBtFdSlYVGXQm2o3uNPyhfDg5ppnNzl3O+5tHgyGWOrLw0mrTvdyDLKnMEK0uQwJDCUaYJEraU1Je0qtMYpYSiqIblkHp3msFCwiIva3D3CNz1HoLiak0Yp9oKAKeGszdhjpnz3E07Et+G31tGWFfQGC49RlY31ta1uV7yrBV9gTEZ0I0qVbiEoInoVIxp1tItjovqGV0U110gOJxBALDlEFLi9f3lmUlb9ki+njMHo+n4VgVy84FjKeU6zNYbjxQM7XIUXIXUnoJZwb2hfEhxUQLzS3K3fzisdDlaKNyF4TQp5doswVeNqL3mGoLpG8qx7AEDfUH0N5V78KZTVrFmJtew08wYBWG4Ziw8bff+4jdRaL8JTyIAw7Vlv42UH6xgTKxOfL8EgZ4UkAZYpjkCs05DPaENBKu8IAppWxlriDVTAE7NJK8GZp4GmMFRB7Q1NMo52jpGmc4zUvVt+G301MVjRMhjqwXOp3IMTltjtDOM6sT3/Q3/SAtMUsc4CtcDXxjVTpM3halrX67QrH8SsAEitDKQwxuPCCwij+OJN7ADpBC+cXJnqCnsSfKajW2M0xw+VQBz7484LUptqBZjvMwmS1lLedodhauXW+g6esVlYtmhrrke42P3jHB1OcSYXGBzkY3uL3+0NpV8q253gHUjsY5LkAmNcAhKEjf9IoQkufK3mI4wxK5OQN/rFAxlVqEhLc3W/hZj+UNfSJ6VTLRLNfcg91nNO/1BjoocgvuN5WJzZClTLUaUkT1WlCIVKjTnqNJgwgJmC11hJlLmAIIVnmWEZZFhMAjTmW4r/zX7z97TVBOu3T9Zk+OPlrVDtZVI9Ish0ZHiqXZuVtf8t/1i3NoBG+Ls1z1X9IkxJym/Ij6zIY9apreW0Uzn8ovfE7AbXufGOeDpc3J1E1Gi9g+J4Q5+F7d1pWOCPzF/AzQYl7awJ+IEbaRbKqhanA6nygjzlycOxKmxAK89YxwfESTv9BHNOqGEDZRJeDOUXNM769Jo8NUz6+fnziPjKAMCIXwfFBbi19Gt6d8FAunRo8ELjprv3D9mFPUJqBR8ug8OcWUsUAluv27vSSwmJzYgAbAMO7VbfcxWFsccXJXCHLqcqEf4np3+80WHuEFzc5Vv421ifEU1yZD8Oi/W/78I6dbaSkSEyhmkcvQznEkmmsoRPBeWK0rd7yIeYAVUaDO88q1bC5NhF1TiSDbWByS7K48M8ntTYfmnM0T1uMKuwufGCf+MG9yYjyRR1Q/x+aXejTKZjfa1bVHt8yD6AiM040h5kH6DWJeK1feZ2JBuvK/QjnMpKQmT00sXbEnuwSg5MB+/pFWKohgy9CR5gkRiHsiN+9BF9N8xY9WJ9TeEkhE6lDYw3AYoqb3MvxtEMNteUUKxU2MZbEapmpPEg2h6bwdqYa5vES1e+HUMXYd8ziMpDjB4dRuY1V1RdOmmsyy43nfWSpY4nQmLxHU6CMfiCxsTsZfRcBgL6Wil8QNSOsJwdNnaw1F9ZqAnbNLhHzkH5VH1hfAQWc66k7/AHg9S1OmFHh5nnLfZc3LMeth4sDb6WkmWqkbGpUTMgYgXJe3W3/7NAuIQgC41EziU1L3O+W3gNDbzuPQdJcKV0GuqXsTZtQdL+caLonJJ9jmpQA13+0GZIq4VxV9qgAFr/END0jRcVSPzj6x1JMV4J+EyqoJUWtLmqodmH1lOIZdMpEZSTEeKa/5ZlOJ8aLm2yjlFxxvfFTVZW9ecruW2fTwjDHGoqkMKmLvrKziGi1qp/f5SDFjrComlkSQXiMbYBb2JN/yA+8ZUHuniL+Vr/nMzXftqL8wBfkBz8dJoHqBALcyqjw2+wlYxo8T1ebnKl4BcYBkCjZfzvrFGDfU+J+hjfE7nXQ2HnfnFCUypPc5js5EFVEivHYW4zDcR0q5hK3S0yGasy2onLUjvE4MHUDWL34e3SGyfFgwqySOZaMC3SEUMJY6zWZRZPB4UtqdAfWanhlBUFgPGLMHT2jtHAEnJnTCKWwLjWIsVUfE23d3xjwl1Hu1Gxc6/wBKgX8y0z71gzuzfCN/6RvbxNhDuF1zUqsgOUgaG1wjCwtuN9R/hvyi0CUtm4q40CzfhOUjoTci/TYxa/F2ZmyMQt7+PLeBYfGqS4t2jdKgc7lFOVvE9k6RI+J2ynSw06dR36jeLK+jv9DijJuUkaRMZfnb7H9J6MVY68pnVxR6yypXLnKDpYXPlyi0evUeh2eLMxyqCT3bDxP7MmFdj2qgA6KLn1P6RbRdVFl0loxMBuK8GVatKzWtBmeVF5ZRo4JZApqx6zqNcg3vaDXnjnQ+ENEpztE8GC9ZbAaMCdeV9ppVsyDuJt6n9Yn4Phfn+vq3/wBY2ayqFHSwHhb87yp405cpNir+LIe3Isxt/KoA+pP0hNWnmGYbH7j9iAYs2NxtcIneAbufX7xvh0/4R/rNvDUflFZo9guBflCaiXgarkceMa5LiAogApOZRLqlO0gqRWOiC0x0li4ful6JJMbQDHtJQJVjMVYWG50HidBKqteD4RfeV0F/hu5/wi4+tpgSlSPXodoINiVUnuXVv33TqVZaNEvce8chx3A8h1/vOxz5M7X2zBR1ZgR/uJ8oM/DXKJuztlFjoFFhseQA3PdGXRLthWAqOKbZteych/m1OW/Tc25HxgwqTypWy6KdFuF6m/xMRyvr5WgyPFaPXwPihgKukLoOLWJsevLzilH18IUlWK0dsZ2Ms5E8fE28eQgX8Rpb0ltBLdptT9vCLRTlfRnyZHNGfDuCVq1mVcqH530B8BuY7peydJdXqOx/lso+oJlzw554p7Zk81pGs+lppsVweguwf/NM/jqCq+RSbAAnNbQ79OlvWBPdE5epi4uhxgNEQAaZreWg/wBsniQ2YAbql/MntH6mRwDhgqAbFSO8X1hDMA6nftBW8CAD9ZQ4RKtqj5lIsosF6G9yY4QkKB1JsO4c4vwmFyu6nQByPIDf7wTiHEcz9k9ldFI6Dc+ZhcbdIyklsa4ldjGFBrqJn8NjS2hsb6b6+kYpisi9ocriI4taLRnFhdQzxNeUKTCsQGzJq2W1ze+50tyAPpJ4nBsiggqSTa2o8Tc/pBwbNzivIPpA8TU6fcSWIrotw9ZFHQE1G9BtForoW7CO5OxfQeIQfnKLDLyI88fASKLML6AdSRaE8KUB2yIT2GGc31JI0VTy752G4cXIZzmtrqLIPBefidIZicQEXKhA6k6m35RJcVpDK5bYn4++q9VGo5A3gVbir1NB2Raxsx1HQyWIxKObE2A3bcnwH28ZofZTg+Gq0PePTOYu4sWbYHTYjlaCqiGMlGSb6MssgGn0d/ZjCkf8sjvV3H5xbi/YlCL0qhU8g4zD1FjER2L1UX+DHI3OWo8lxHhtWg2WohHRhqreDflvBkN4Wjrx5E+g6gNbnyhS1ICjywVIrR1xkavE4wIuao+Uchew8O/wi8cTJ1VbLyZ2VFPhmu30mVx3EWL5swd/x2uq/wAtJToB/MdTy6kG5Y3JJPUkk+plo4r9z/g+Vcq6NwcWxF/dq45+7dHPpoT5TM4Ns9U5wQTe4IIOYkaEbiB02Km6kg9RpNJw6oK6ZnsKq6BwNWQWzefK/LlKLDGO0Dm/IdTwQpUi6i7G+m+UdPHQE9IHRpm+Ub5kHmNTDOH4knPb4NgebN8zDu5eU6hTFnKnmVBP4mF2bwC/lA18DJivjT2qFL2Djfpe1pnHQhrHQjeafHYYV9tGHwd4t8B6HS4ifErdQxFjqrX0Nxax17vtGhk4jfR59MAjPCKWRszMbFAoLEgFmtsYEEEKw9UoBYDRg2vVdge6PkywlHS2Zelyxeh/xEZMOXRmRzWyAoxXshSWGngZnKlRiDdne9r52Z/uYTica7qFcjKGZwLW7TXufqZChQd9ERn/AKFLfaCGWMVXG2N/p5HtySRQlM20FvpH/C8MiKGNiza3PyjuErw3Aa4OepTKINSWKgnuy3v9J2Pe3zWvra2pGw15CDLllJVVCrDCD07HXuqjr2Mg8SPy5+MDrcHYAtVdSljmyOM1rGwGnM2gC4V1RAMwuMzakaHW0AxVdxmZnYKTZVBN2sOXQdTOeEbY8pJIuTBBFzsoLn4UGoTTdu/uj7D+0uRVRTTUKoXtVCToLfKJiXqM2h+H8Ivb+57zPUW0s8alHiyLlTtH03h/HnbZaNX+VKy5/JXUA+sf4DEUqxKLdKgFzTdSj265T8S/zLcd8+No9po+E8fIypiCXQEFXuRUptydHGot+7jSSfplH2tob6l9n0LHYNWVqdVQynQg/cfrPmftBwRsM4sS1N/gY7g75W7/ALjzn0inxUMBTrMC4AZKgFlq0zoHFtAw0DDkSCNCINxLCLWpvSf5hofwt8reR/OI2/JfBkcJfhny1WngYnb1nPTKsUfQqSrDvU2I9RPGcDaY9hS1YnQXhKiVUhLp1o+cZ1474LVylSOlvqxJ+oiWMeFG5I6azPoyGOPx4VlpoNBa4G3h4QjiNYqEpldWQsxvYjM1gBbbRRFOHTPjMg1/4oXx2zH0UzRccoL7wvcWRAtv5rkj7j0iyTUbMncqEiFg7sPhFgRobgen3jmmVcXuBcbtpfpvudPpEVNzlPedTDkW+RBpux/p5X8byMcnF7KNX0OuD8Cp1iM6La9i2VLac9wfpGvCvZzCGtjc9IFMOaSqDmP/AKOdza+pNxEvCqrgk0iyFFdzY9jKg1JQ3B8BYmaPDYN0V/eVCTiiHqKgAW5RUIBNyBYWnQssGiS+or2/5LzwuigzJhaNPvc00+qh/vKKmIc6Ic3dSQkf53Kr9Ixp4VL5smZvxOS58i15XiccinJmLv8AgQZ2HiBov+IiZ569qBwcn9zEOLo1Spzkgd7hj5hFVR9YuGFQNcorGwvn2AB07I3jviRdkLMq00Gt2YFtBsbdlfUzI4nEdmo6m4C7gk7Dl6yKcpy2VVRiXcU4wD2EN+psAqqBckDmbXmWxFXO2a1tBYXvYDbw/vCFQlKjnfKB65V+xMppJLrFxlQjyclZC08k2WdCIRDSaPKiZ4DCwmw4Tiy+EqKx7eFIqoeYpnSoveLXNu4dJcfbanYqiklV0ZgbM1uSjW3iRAfYkXeuD8JoVA3gR/YwX2N4QlTE00cZkdHJHQhQR9TJvA5Jy+B1NJpMTY7iLVHZ3tnc3bKLC9gNuW08pYOtUYqqnS1+6+3rLPajBrSxdemg7KvZeemVT+cN4VxU005tSvsPjouehPyN6HXmNYyi49HS88n9t6EdKXKILSaGA2F97zoRyM600PCsIlHDPiq1wGZadHqxzDOwHMC1vIyvg3BQ49/iCaWGTVm+Z/5KQ3JP4vTuo4/jKuMq0kRMlI9jDU1OgQNl9dNTGSvQvQ29n8Ki12xAYFMrFP620+gJi/jXFEdig2B35E+I/esde0aJgsMmGWzVmF2Ybgn4mPQaWA8JhMsP0pTVeEBTUXZo8Dh3CAqufNqL7eRG8aYXBEvmuEcKOw+mbXl1At8syOAx9Si2am5XqNCp/qU6Ga7Ce1yVEZK1PJUIGR0F1LgjJoe0hvzuR4TlyYJRLRyJgZx3vHCAZQFKkX+azC56m7TecQxNgtrXuQL6DUdwJ5dOc+ZcEN6t+hB/9xL/AEvNXhXao66ns9v0IH5ybVIL7H1YrouIqsznX3FENtfTME7bDTdiqnpPB73LlppTwyDkQrvb+hewh7yWmdxftzTpoUw1LO5Zi9R+whck3Nh2nPptMhxPjGIr/wDOqkj8C9lP8o387yuPFKXgSUkjX8R4rg0N3c4ioO/3hB7tkQ+FoDglGJw2LdVK2zFVJuQAgO/+EzIKunSa3/8AnWLVcQ9F/hrJYX2LLc281Lek6oYXD7mSlPlpFXCsH71Hpj4npFl72Wxt9vSZ/KQSLWImgrU6mDruqmzUGzITsyG5W/cVuD5wvjnDVrg4nDAjMA1Wl86ORc9n5gd+/cTo9TFWpLpolhbScX4ZkmaVs0sqd417v3pB2acjaL0SJkQ0rLx3wrhC299iWyUl17W7dyrub9ILGoPwT/w+CqudHrj3adbMLEjwUsfMRt7B4f8A8xn/AOnSC/4nYaein1mYxWPOIqhypWnT7NNN+enixNr+Q5TVYeqcJhXc/GwO3OowsoB6KLeg6zpT4Ynfn+iL3NV4MZ7S4kPicQ42aq9vANlB9FEX4aqyG45izDkyndW7jK2hOGw5acUnrZ0xW9F2GxVEn/jIx6lCAT46i8aUuJYZO1Sw2ZuRqkvY9QpNoBh8BRc2NTJfwIB7xvaSweEyVMlW2UMAWBBGuxBG6m41EqoqVtMm20GValfFOPeMWHyqNh4DYDw87wzFVf4XE0HKgmgi2Ta7nObf94vL8R7SUMOpTDp7x9i7AqgI059pj6DvmdxeKat/xXJZ72c9xuUsBoALMNO6dGFLdfBJuXbI43FvVqNVqNmdzcn7ADkB0lVSqWCg27IsLC2nf1kZ06IpJUibdsiRLcOvbTT51te9tGHrIS6nVYsik6KwsOl2BMXIlxf6Hi/uQw9nj2nPRT/pdv8AbNNwqrkSq/4UH2dj/pEzHs/8Ln+UfVHH+4R075cFWb8Rdf8AtRR/rM8dK2kdbMeiHKN+l++3WStLPfNkCX7IOYDv2vIXnsxikkkcLbb2W4esUYMtrja4uNrbTylWZHV0NnVgykcmBuDK500tqgLTs0nEOIjFVGqWszikhXo1lU27rlrGaLGcPJctTco6KoVhzHaJDD5l1HpMTwdSKgqckNx0LDUDw5zW4P2pw9Ts1OwwJAY3yHvVxqnnbxiT9qUuujR9zoV8WLXvicMGP/Up7nvNrGIq4w4CsUqqGvlzXAOU2OXrYm02GN4sikrSIqOd3JzKo5C438BEmJwjVjnYgnkz31H8iDRU9B0vvIvCmrul8lVl3xq2IhxCmmtOnryLa/3+s5lq12U1GJGyqPsq8oxfCqh1ZR/SAv6mM+GVlHwILnd3OVfMntN4CScsUNt3/RRKUtJUGcD4Hlyu4sQbIg1sTtb8TH6epgXt/iMjJhwRdRncDUKT8FO/MgXYnqR0miTHBB2GLuRb3hGXIDutNPkHfuZ85405NeoWNznI/wAvZ/Kczzyyy/BVY1BAVpoeDYXsA23J9BpM9N1w7D5aaf0j6i8E3SK4lsx6ANuNh+Y/WG0VFrWns6RbYhTxanqjj51s39VM5GPmMp8zBMILsV/ECPPcH1Ans6ej6VvX6I5emRElOnTtRzHT2j8a+InTouX2P9DR9yGvCAVpPfmB/qp/rGnGTlwKL+J/97n/AONZ06eVj96OuXTMopkp06eucLOkqSFmAG5Np06b4B8jLGsEUU16anu5+Z1g/DcH7x7HRVGZyN8o5DvO3nOnTm9VJ8i3p0uJt6XDUy9tFJNriwIABsFHcP1MFxPB6RNlTVu89O8zp085zlXZ0xSFOJpopsqKAumg1J5kncyygMxE6dJS6KLs2PAuEBxdtp8v9paYGLrAaj3jkeBa4+86dB6f3MM+hbzn0nDWyJ/Sv2E6dOjIHEf/2Q=='),(5,'Stanley','Kubric','data:image/jpeg;base64,/9j/4AAQSkZJRgABAQAAAQABAAD/2wCEAAoHCBUWFRgVFhYYGRgYHBgYGhoZGBgYGBkaGBoZGhoYGhocIS4lHB4rHxgYJjgmKy8xNTU1GiQ7QDs0Py40NTEBDAwMEA8QHhISHjEhISExNDQ0NDQ0NDQxNDQ0NDQxNDE0NDQ0NDE0NDE0NDQ0NDQ0ND80NDQ0NDQ/ND8/NDQ0Mf/AABEIAJ0BQQMBIgACEQEDEQH/xAAcAAABBQEBAQAAAAAAAAAAAAAEAQIDBQYABwj/xABGEAACAQIDBAQJCQYGAgMAAAABAgADEQQhMQUSQVFhcZHRBhMigZKhsbLBBxQyM1JTcrPwIzVCg5PxFSQlNGLhQ3OCotL/xAAZAQADAQEBAAAAAAAAAAAAAAAAAQIDBAX/xAAkEQEBAQEAAwEAAAYDAAAAAAAAARECAyExEhMiMkFRYQRCcf/aAAwDAQACEQMRAD8Axe0MbV8bU/a1Ppv/ABv9s9Mg+fVfvanpv3ztofW1Px1PfaQASkJ/n1X72p6b98759V+9qem/fBna0jNSAG/Pav3tT03753z6t97U9N++AGrFV7wAw4+r97U9N++IcfV+9qem/fIGAGpiqVBsT54th4lG0Kv31T0374g2jVP/AJavpv3zqSjkL8Ojl547xaqbm1/xf9RfqnhTjq2vjanpv3zhjqv3tT0375BWcfrOQI4Glz6ofoYO+fVfvanpv3yJ8dW+9q/1H741YlRZSXfP6331X+o/fO+f1vvqv9R++DkTrQAlcfW+9q/1H7475/W+9qf1H74MBHWgE3z+t97U/qP3zReAOKqNj6Su7spFS4Z2ZT+zfUE2mXImk+Tsf6hR6qv5bxz6L8e0pTX7I7BJlop9lewSNTJN600ZaD2ntHD4dS1UquRP0Rnr0dE8Z294YVq7XRiiX3lRfJsNLEixJsZafKVtlHrBULq9Mbr72SEZkEA5k+UeGhmGpVb34k8chnMuuveRtzz605toV7Z1qoOf/le3vSJdqVrG9arf/wBj/wD6kLvlbTW4v65HiFAtY3yzkKTf4nX+/q/1H74Thtr1wRvVapGf8b3z8+crQlxlr+v155IrHI8oCNRgfCB0YMHcMDcFnZ010IJsOyeyeDW2aWJphiqLUuQ9NbG1ibHMaEWPnnz2qEeUDkfjwml8C9rrRxSPUYhB5LEX0IIAy1trlL5qeudj3oUk+yvoiKaSfZX0RGYeoGUMpuCAR1GSmastM8Wn2V9ERyUk+yvoiKFgG2MW1KmXXW4HbAatxSS2aL6KytxW0MOv2PMqzHvtOo97u1uV5DTeRkXlaJ9qKfoovYIzx5PLP/iJVUWhiNKlLMEs9gNM+gSda4FgVU+YQRjHnhF8NH85E6BzotU8o2h9bU/G/vmRhcpNj/ran4398yIHKThA8QJAywyoshdYANuyVBYiNMLoUwBdjY6gcZNqogxCG14NmMzLCjTDvYaTRUtio+omd6kXObfjKYfeOklGFd7DPLhN1hdhIvASxp7JTUKLyb2qeOvOv8Nq8vPBPFsjWYZ+0c56fXwIEzXhDs8bu8BmM4p3tO+PIy2HdgTyEIMiSnY5HUA9ERalja3xzm0rGw1hOj3EZaWlwjxGiPWAdNJ8nn+/o9VX8t5nJovAD/fUuqp+W8J9F+PZyc48nKRJrJt2asnh/wAomyVo1/JdmZ7uQSWIB0zOZ/XUMkqlewf9903/AMqOBKYpHvveNUEA8N0BLDsB88w7pmRbjpy/RnP16tb8/IC387WkjAk5+bul9svY6kbzCHVtgIVYqMyMr5CYXz87isZvBYc1SF0JuMhx6Y3cZG3W1W9xN3sLZCopNs73v7JFtLYyOd+1m58z0yb55Ov9ExVJtc7dR7Lr3QjDMSAgvxIGQuTpbnprOq4fcfdZbZns83VJ8MbOMvJF8gBw49c6J1/LsN7f4AbXbEYVA5vVpgJUuQWJAyYjpE0xEwXyXbQ3t+ipJTdLje+krAqrKTrbMT0Fkmvj7/U1j1Mpkp/CYfsT1j2y7ZJUeEi/sD1j2y0xigI6nFFhGh7m0UabBVJoUjyvRoQrZwG6sA8eDBEeFLpAgE6JadJxWvMceP2tT8b+8ZAIRjx+1qfjf3jBxAjWEgdYS0hcRAIWFwL/AKvDkBClgPKyUdF9TAayZg8oQcRugEG4NrjqMi/VxZbBoZsTrNXhRaZ7YlQG/TnNHhjwmHf10eP+lbYZbw5KUCoKYaiGRFUyumUo9qYcMp6Zoit5V42pTW+8w7RHYNeY4zDmjU3TpmV5EHhAzkbzUbdpJVXI5rciZhVZunh2Tfi7HP1MqeqshhtZIGRNWRJIgkcesAcZpPk9W+PpdVT8t5nCJpfk4X/UKPVV/KeE+i/HsipJ0SLuyWnNWUjE+H3g0a4TEK53qTIChtulC67x6xrPO8RsNmrb43bdN/KntnhA+7hqxAvZHNhqctJ4piNuAXuCDfiLWM4v+T+pZ+f7teNxb0cJYMCFBA4QxEVdczbW+Uzx2iGIbe+kpBt0Rz7VO4RYEgdU4LzV40Qx6ILu1hyGnbAam1KbndXQ8Zi1xJeoN85E55Gw6gJaYMMWCKB024Dp6Zp1zZPYxbYrBK4vbq/vKSjgDvMhJ+ibZnW+R7Zra9lVQP10ysZLksBpcCLnyXneRq98BMdTwtV1YMzFMrEcWuxN+ZAmyfwwW9hTPnYd08npk7hN7utyCdSOOclwm1C5FzNufN1zMibNuvUk8JnbRF/+3fExuMeqm6wSxtoCD7TMVQ2joJbYbGm00n/I/wAp/Io7PX7REZ/hGd1f1RKuIvmI+hjCeuPnz3cLA74J0OYv1ZyMvnLBsUeMHrKDnaazzzfYlxyHOWVEZSpVuI/t1yxw7eSJtLL7h0NedIt6JA3mu0Pran4394yCEY/62p+N/fMHiBDGNJAI1hEAeI0MHRN6F4kZGP2ag/i4+yT0qLHYz2ZBzv6ppVxSobt5hM5s9h41rcBYTUYbC76b1vKvlMO81vx8c+2atrpSJHOxtJcD4QuxAdQD54PV2K7gb9Vtfoqtltytxk7bPCIF5AAHjllfzybmKkurrGYk+LLDlw+Ex2MogWqVN4gkiwvrrYnnNKrkpu8haR0aBZb5HmCBCdKvLOpQSopKKVtwII9uczq07OQcrEjqno5p2FyLdnwmI2zTC1mtxsZfju3GPl5yaDrG8AfWHE5QSos6GCKOWIZywCUTUfJt+8aPVV/KeZdZqfk1/eNHqq/lPHBfj3ArEVY8CSbsu1miZLzy/wCVPZi76OEA30O8QAN4qc7nnYierWlX4Q7FXFUWptk2qtybuOky8k/XOK5uV87GiwICiw3r8rcxeaNcCrU7EdmsG2rgWpOUIsytYjq19kgO1nK7qruk5XNjaef1t+/2bBqWCTfspIPEEWMv8DR3MwBf9aQDC0Qwu7bzE/S0Pmhib665j7XfMu7tCWviGY55cIlRxbLS3dJGseqV2IqhMr3HGRCJTqWB6jKnCVd12HT7YWr7yltL37h7JW113XB+0PZNuZuwo1GGqaGWuHxGdrzMYDFgWBlh8+S9he/QLzOy6K06VoRRpm9+Ep8A+eefsEuTXyvNeJqRqkD9CTb6gZEeqVgrAyE1SSLTfcL8j2xW7fIdgiLjf1a0BZ7mdTEn+L1PlP8AJfnA5ToNadL/AIvQxhtofW1Pxv7xkEnx/wBbU/G/vmDzrBViOJyxzCADuJZYKiKtMhcnXW3G2naPZK5xGYXFPScOvA5g8RxEz6mz0viyX2PwSlKu7nprabPZVeygTN1to0qjKyE71vKUixFpa7OqeT1Gc/Xv66OcnxqlRSN6Vm0qtmAOSc+npkvzndFzpr19EGfGI7Wvc62UFj2CEmtNFbOxlI7w3xIcJUuzbhsLnM6GTUcMrC/iXPC5Q9nRBsWj013zTZVBHEX1AGXnjvJaKr1d5cxnxmJ2+674A+lYk9R09hmvRDulmyOWXXMd4Q/XEDgqj2n4x+P+pl5r/KrhIKwk0ZUE6XMEiicREgEqzV/JoP8AUaPVV/KeZNZrfkz/AHjR6qv5VSMV7oix9pwnGGpcBFiKY5YqHmnymbHs64gDJwVboYDLtHuzzN3VW8p1FjoTPfPDDDI+EqK5tazKeIcHye05dRM8Mx2DSmx3lXU3uLm85PLxN2tZ8DjGlsqKFr8b2HboBD8O9YAs24BlcAk37YLTxpI3UQgDosPMBHVKrnI5DjMOsnqQ6Or1wNOyUePxN2tz1j8Tit0EcTK+khY3PHWLjj/tSWVB72Fsu6PxuHLi4/hi4RN5iB5+iWSYJgRa1jneG5dJQYdXZggUk+zpM02z9n2zGZ4nuj6aBcgNdTLfCOlrCOT93/B6Co1N02v5zDade41lVj0IbLnJsI5GUdv49EsxUNpIbjPh+s5EjaG0nZ7jsivWgic5xa1yNY0VJHUqZ6c4p7BnjJ0iynTYMltD62p+N/eMHhG0Pran4394we87kuj+EjjkgEbiDVBC6kHqCIBcPUK1A3Tbtm12LWB8k8ZjHWXlCoUIcaHMzHvltxW5wThlKtmVyzzuNJEqPSNqRCgm9rKc+gnzyrw2NB8oHO2ctKGJVxYzKbG3PUv0fhcXWtdnLHlkoy6hK3aKu7gseNwLmwPGwPGF+KHC1umD4mmV8oWlXrYqZLskS4mpkBwvc9S5zBY+rvu7/aN/Nwl7tXHWpvnmRu+kZRUzkOyX45ntz93Q85xCzhwwuMjykK0SRkfhNdjLKrnGcQQt8I/AesSJ8O41U9l/ZHsGIhNf8mP7xo9VX8p5kLTXfJf+8qHVV/KeBPeQJ1o4RYk4aFjrThB8fiRTpvUbRAT1ngO20VqpGZ8MMcpZKQN93y2HT/DfzXPnE868IcLv2ZfpDXpEO2htG7MzNdmJJPE3zMrvnRcgAZXnN31vo56Z8o63ADD/AOJ7pDiWbd6OJmlxJLG3PL4yhxIsx5THJFz2qNb3j6ZN7DUyYp9IDWWGzNn28o6y+upIBmysLujPU+3plyKLEfrskVNbZDLKWOGe1gRMZP1faVBXYgkco/CViNDJdoDy36Rf2QKnVC6yufVOLdDcA6xi5N65Fh3uAVOl5IXDdYk9e6BiPlr1SbSxBlYCRDMPUuJMIQ72EG3rnUSQnKxkI6Rlzl8z2C3E6R5fq8WdHoMttD62p+N/eMHhGP8Aran4398wedaXRUMScDGCvBnEJeMSgzaDuiAPd16Jc7JfeQA9UBfD7txe5k2yXsCOkzPyT+Vrx6oxVKNYG3KEUcU6NzEfVpby34iT4LBlxMdafkau2svoG/m74PU2g75aCEpsk8Y2rhwMhFsP81nNqPmq9N+yJRW6yLHuDVPIZCT4bQ9c35mcxl19SU2tI6gINxJLSKu9gOZy74iiVWkm9IKcmVYGfvdU0HgBST5/RIUA/tM/5bzP7s0vgAP8/R/mflvKn0r8eyTgItoiiNGFtKDw3e2EfpKj13+E0Ezvh0pOEe3BlPrt8Yuvh48fxJz9UtsBhAq3YZkZdEE2dhd97nReHTfKWuJxCoM9B6+ick597SoN8OoBJ0OUz2Ko777qn+w5w/EYnfJvwgdM+Ux4mw82d/hFs6v+lQ/DbPXU9vOWFNQBkIP44XtwEmR5n1dAlQL3/V4UqZXEFpWNocjC1op6JUbTBuD0WPwlS+s0eOpgg25TO16ZU5/2gcS4bEFDcSwWqrG4NieEpw4Ef4wRBaotzrONUDIkgytw9Uo1xnJ6mMRr3yMeBYriOm/KTqQRrKXxnEEWk1HEWGRjgH7nR6p0E8cZ020lLtD62p+N/fMHhGP+tqfjf3zIEQk2AuZ2pNMdTps2gvDaOB4sfMO+HGmABy5Sb1/g5zoClhftdkKqKFWTIn8XCDYlsjJt1eYr3zJMdgkscoG9Uq4+zp/3eWWB+lH3P5T5vta4Ug5GLhqxpP0Xz6ucYy7pDCWD0QwuRrOat5FrWxK7uR1lXiWyJkCpuQfa2J3aZ5tkIczbirfTJ44BixPBrj2fGWeGB3RKyoOHMj1Z/CWlMWAnVfUxy36IQGdUwrX3tRa2XCM8bbMw7D1AcwdemRTBoluEnUZRr5Ezg0cB4POaPwBP+fpfzPy3mZM0Xyfn/P0f5n5bwn0r8e02nARYspOEgW1sJ42jUp/bUgdfA9tobOgbxnZyFA5IzVjr1ae2UGNrFr35megeGWzhSd3W1qvl25EZN5iTfznlPO8Q+ZnL5vWQIRc6cYtOla/O8kpuNY0njzMy5hwpQ36pKr2y5REbn1Tt0Z3kX6BNOucoZTrSsVDwkgDD9Xk0lm1aVOOtyj2doPWc8YQK+plGBo+q488Dq1N3SXJoEtU6Y5DfWBJXvlnePDSssMYbrmOznFp4gXzB8xkFNWMJp4S+pk0C/HCdO+aCdNSDVqG9VqEmwDuOs75yhKUwuS/3i4kWd/8A2Oe1mkbNOq3SkEAiR1WvlI7x9KmW009kSzsNW/hPAZdIkNYg5Sd1Cg215wQG5gFXi1sxQ8QSO6CYZ3SxViJY7T+mp5CCBPJ7ZrPcS1ezqnjaQJ+kMj1iXWDpjdsZi9g4zccKfosbdR4TbI9s7Tl75/NdXF3kPjiL7omV23ibvu3yUZy9xVSwZjw0mPxL7x6WN/NK8PO3UeTrJiJmJZT06dcuEXKVaDylHTLW036YkktCiAbjL2RFWPDZSKZWOZihoxTlELxkfeaTwA/39H+Z+W8ze9LjwQxBTF03Go39dPq2HxhCvx7sJ0o8Ft1TffsOVpdKb5x4Usp06R1qqqpZiABmSdBMhtnwnax8V5I5/wAR7pN6kFqr8NcWWruo0RFXzk3PtnnOJQhj1y/fGly5OZN7knO4se3WUGLqZmc3k632cMp0zfM5RWcWFuGXrg/jra5CORrk8tfhJionBkiHhIyfXH0wSeiR1CTqDJRfj6jInfKKrC2tpFJIzmD1aoj2rCxzlfiasQQYiA1WubR1apfSNopxM35mezJbjyhKW1jd2wkHjN09EL7C1ooLZQ6mLdEq8PUsMs4elQEZGZVIu86Rbx6J01AfGufGVB/zf3jIVedjD+2f8b+8ZEdZ2GIdobgG8g9Z+Er1MnwzeSev4RUz8Q0GTUTqrmR0tYjCY8+X5pHR+jFxR8sxtDQzbn4lGws02eBxu/TQ8dD1jIzF4g5y32VVOa8NZn5edn/jTx9ZR23K/kZcTbtmbfXqylntWqSwHAC8q2OV4eLnOdLu7Tqf0165dWlJhh5a9cujH19THGI17RpMRojKbcYpaR3jSYyEXh2wX/zCEa+X7rSuvDvB0/5hOp/caBV6Dg6hJzm+SoAoJNgBcngMp53htR1y58K8ey01Rcg2p6BbL1+qTuS1nLlV/hDt01X3EuEXT/kftGZ7EVCVIjVW+sGxpsnXnOfrrZpqt33N7oIbr5+qCY8ne4Z59sgxtU70kLbyC/DLzTOXWnIQHoEYjWYcjl1SOq2UjU314+qOQ1oMvZFpuY2m90B46f8AcYjWPrk0URvt5uuKtToylbXxLBjbp+EXx5tfok2VIqvXUSsxFe8ZWqkyFRc2lc8/3oT0aN84StOPoDIQh6YtFevZgXPCROmUmamBGVjlHKA9CoV005Q2nUuMjAkEazkaS7P1SXe+YsD8Yec6X+A//9k='),(6,'John','Krasinski',NULL),(7,'Martin','Campbell',NULL);
/*!40000 ALTER TABLE `directores` ENABLE KEYS */;
UNLOCK TABLES;

--
-- Table structure for table `peliculas`
--

DROP TABLE IF EXISTS `peliculas`;
/*!40101 SET @saved_cs_client     = @@character_set_client */;
/*!50503 SET character_set_client = utf8mb4 */;
CREATE TABLE `peliculas` (
  `peli_id` int unsigned NOT NULL AUTO_INCREMENT,
  `peli_dire_id` int unsigned DEFAULT NULL,
  `peli_img` text,
  `peli_nombre` varchar(255) NOT NULL,
  `peli_genero` varchar(100) NOT NULL,
  `peli_estreno` date NOT NULL,
  `peli_restricciones` varchar(5) DEFAULT NULL,
  PRIMARY KEY (`peli_id`),
  KEY `fk_direId` (`peli_dire_id`),
  CONSTRAINT `fk_direId` FOREIGN KEY (`peli_dire_id`) REFERENCES `directores` (`dire_id`) ON DELETE CASCADE ON UPDATE CASCADE
) ENGINE=InnoDB AUTO_INCREMENT=16 DEFAULT CHARSET=utf8mb4 COLLATE=utf8mb4_0900_ai_ci;
/*!40101 SET character_set_client = @saved_cs_client */;

--
-- Dumping data for table `peliculas`
--

LOCK TABLES `peliculas` WRITE;
/*!40000 ALTER TABLE `peliculas` DISABLE KEYS */;
INSERT INTO `peliculas` VALUES (1,NULL,NULL,'Spiderman: No way Home','Ciencia Ficción','2021-12-15','PG-13'),(2,NULL,NULL,'Matrix','ciencia ficcion','1999-12-24','PG-13'),(3,NULL,NULL,'El Código Enigma','Bélica','2017-08-29','PG-16'),(4,NULL,NULL,'Titanic','Drama romantico','1997-09-09','PG-16'),(5,NULL,NULL,'Interstellar','Ciencia Ficción','2014-10-10','PG'),(6,NULL,NULL,'El Resplandor','Terror','1980-05-05','PG-18'),(7,NULL,NULL,'Un lugar en silencio','terror','1996-05-05','PG-16'),(8,NULL,NULL,'Avatar','ciencia ficcion','2009-10-18','PG'),(9,NULL,NULL,'Inception','ciencia ficción','2010-05-09','PG'),(10,NULL,NULL,'Nacidos para matar','Acción','2000-01-01','PG-16'),(11,NULL,NULL,'007: golden eye','accion','1992-02-02','PG'),(13,6,'https://cdn.pixabay.com/photo/2018/01/14/23/05/ecommerce-3082813_960_720.jpg','Alonso','Terror','2022-10-12','sdsa'),(14,5,'https://gcdn.lanetaneta.com/wp-content/uploads/2019/06/Vengadores-los-directores-de-finales-de-juego-confirman-que-el-780x405.jpg','Hulk','Terror','2001-03-20','nada'),(15,4,'data:image/jpeg;base64,/9j/4AAQSkZJRgABAQAAAQABAAD/2wCEAAoHCBUWFRgVFRUYGBgYGRgaGBoYGBgYGhwYGhgZGhgaGBgcIS4lHB4rIRgYJzgmKy8xNTU1HCQ7QDs0Py40NTEBDAwMEA8QHBISHjErJSQ0NDQ0MTQ0NDQ0NDQ0NDQ0NDE0NDQ0NDQ0NDQ0NDQ0NDQ0NDQ0MTQ1MTQ0MTQ0NDQ0P//AABEIAQcAwAMBIgACEQEDEQH/xAAbAAACAwEBAQAAAAAAAAAAAAAEBQIDBgABB//EAEIQAAIBAgQDBQYEBAQEBwEAAAECAAMRBBIhMQVBUSJhcYGRBhMyQqGxUsHR8BRicuGCkrLCIzNTohUkQ6PD0vEH/8QAGgEAAwEBAQEAAAAAAAAAAAAAAQIDAAQFBv/EACgRAAICAgIBAwQCAwAAAAAAAAABAhEDIRIxQQQyURMiYXGRsQUUQv/aAAwDAQACEQMRAD8A2hSR93CQkl7qNYtAhSeWhDpKHEIKIgS1RIoJeFgbMV2nS3LPAkFhohPbW1+soxNfLtbz/KK8VjHtq5A5ZAYvIdRHy10HO/hLFxQ5bna5mUp40c3Y/wCE3+usYUq6OvxdrluNfyiuQyiaOjiSLZ1Gttu+Fll16TL0ca4BV9SmoPUdf30hy4++2508ovIfgNyFOokWEDpVlUdo95hKY1GHd1IP3jKQrgTvOBntlOxB85GNYjRMGSBlYMkDMAtBkllamTUwmLRJWkQZNZjCZEnrSSyFSEAPUgzwlxKWWExBIQsgEkxAzE4Dj+IqnZ59ekvr1cqk+njMJ7Uca92uVNXbpuB1JiSY0UEcV48Root3uQv03iB+MP8AMcw5doi3gRE/DsK9VyWPeTub+Mf4bgl9zFKqNi/+Pe99x0bW3gw1+sccO4mp0JNj33ZfP5h3GEJwBesi/AQDdTFYyi0Nv4rs2Ygm2/Jh1lNHiLA72AA28IJheHPex1F/TrHNPhyW2iFEiqlxgA3N7xrheMoTZmA8mY+eUWgQ4anSQ/g8mq8u6boPE0OHRWGam9iddDdf8p28rRhSLWswF+oOh8LzP8NxalsrKFbptm8Ohjym1rdrQ7X+3jGjIlOJcDJiRInqyxzssWWCVrJiYxNTLVlKy1YTCq8i0mFkikwAbLO93LSJ4xmMVMsrMmzSExhFx/FlTl5AXJnzXFO1R2duuk1ftlj7Oy33JHkNJlsO4YgAfvqYjHiPeDYYKl+saLpKMMoCgCGUxeIzoj0E0X0l1xKFpy1bwDosVpajyhWl2UzDItDy5IGqGEILRQgXFaGmcbgxjwvGe8TftDf+oag+dp1ZAyEHaJODMUr5eRup+6n99YPIslo2mFxOcd43hAMR4SoFe+2uveCbXHnpHJMvF2ck1TLVMsBg4aTDRhC8GTQygNLFaEwIsmTpITrwGIEQeo8JeBVzCBnZp4DKlaQxVQBHJ5K32MwEfKPavF5q763sTAuCoXcc+sF4s5aow5sY89ncPkQsecVlYmlw67AQ6gtjEL8QK6KNesX1OJ1QSbm/TlbuiUVUqNxpPEcTGUfacro2vcQRGOE46rmw0MDQ8ZJmmAWXLaZ/EY3KQe4ylfaYKbFfraAe6NWiSxkmcT2mpkgBtTy3jXCcWRuY9RBQbDguhEyuJqslVd9GFj57Ga1HDC4iPitEZ9RuCR4iKwMZ4Zgznrcg+etvrHmaIKeDDWZGsy9odDffMOf9o6VjYX3tr4ykDnyFwaTDQcPJhpUiEK0sVoMrS5DCYgWlReQR5F2mMWM8Frmel5TVaZAZWDMn7Q8eb3r4dQQqrZj1JE05bWYr2moZMQz/AI8npbWCQ+NK3ZksYtnZuew9JosAtqajuETYpAXUdPrrNDhQNB3RCsUC1VI+Fcx5QGrTrWJd8mugUDUdxO5moWmBqBOqICPhv5Rk0ZxbMUtBz2i9yBqGAsTfYeUaYDD7EKB4RyMFfULaSSjYxZUwxi0SrYImncnaZ7GU7fLrPoCUQUtblEOM4eeQv3RPJbwZd8K9NVaydrXLZr721MPwGLQMoqIUvsynMptpvuIwTCK2h0A5cvQxzg+H0yuUqCDHfGtE4qSe+gjhVTK+QG4Ox7pfxGxdAeZI9RaQwfDwji2w2lvF01Q9HX7iSZUjwgszuhNgjKvqik/Ux7VBBtFdSlYVGXQm2o3uNPyhfDg5ppnNzl3O+5tHgyGWOrLw0mrTvdyDLKnMEK0uQwJDCUaYJEraU1Je0qtMYpYSiqIblkHp3msFCwiIva3D3CNz1HoLiak0Yp9oKAKeGszdhjpnz3E07Et+G31tGWFfQGC49RlY31ta1uV7yrBV9gTEZ0I0qVbiEoInoVIxp1tItjovqGV0U110gOJxBALDlEFLi9f3lmUlb9ki+njMHo+n4VgVy84FjKeU6zNYbjxQM7XIUXIXUnoJZwb2hfEhxUQLzS3K3fzisdDlaKNyF4TQp5doswVeNqL3mGoLpG8qx7AEDfUH0N5V78KZTVrFmJtew08wYBWG4Ziw8bff+4jdRaL8JTyIAw7Vlv42UH6xgTKxOfL8EgZ4UkAZYpjkCs05DPaENBKu8IAppWxlriDVTAE7NJK8GZp4GmMFRB7Q1NMo52jpGmc4zUvVt+G301MVjRMhjqwXOp3IMTltjtDOM6sT3/Q3/SAtMUsc4CtcDXxjVTpM3halrX67QrH8SsAEitDKQwxuPCCwij+OJN7ADpBC+cXJnqCnsSfKajW2M0xw+VQBz7484LUptqBZjvMwmS1lLedodhauXW+g6esVlYtmhrrke42P3jHB1OcSYXGBzkY3uL3+0NpV8q253gHUjsY5LkAmNcAhKEjf9IoQkufK3mI4wxK5OQN/rFAxlVqEhLc3W/hZj+UNfSJ6VTLRLNfcg91nNO/1BjoocgvuN5WJzZClTLUaUkT1WlCIVKjTnqNJgwgJmC11hJlLmAIIVnmWEZZFhMAjTmW4r/zX7z97TVBOu3T9Zk+OPlrVDtZVI9Ish0ZHiqXZuVtf8t/1i3NoBG+Ls1z1X9IkxJym/Ij6zIY9apreW0Uzn8ovfE7AbXufGOeDpc3J1E1Gi9g+J4Q5+F7d1pWOCPzF/AzQYl7awJ+IEbaRbKqhanA6nygjzlycOxKmxAK89YxwfESTv9BHNOqGEDZRJeDOUXNM769Jo8NUz6+fnziPjKAMCIXwfFBbi19Gt6d8FAunRo8ELjprv3D9mFPUJqBR8ug8OcWUsUAluv27vSSwmJzYgAbAMO7VbfcxWFsccXJXCHLqcqEf4np3+80WHuEFzc5Vv421ifEU1yZD8Oi/W/78I6dbaSkSEyhmkcvQznEkmmsoRPBeWK0rd7yIeYAVUaDO88q1bC5NhF1TiSDbWByS7K48M8ntTYfmnM0T1uMKuwufGCf+MG9yYjyRR1Q/x+aXejTKZjfa1bVHt8yD6AiM040h5kH6DWJeK1feZ2JBuvK/QjnMpKQmT00sXbEnuwSg5MB+/pFWKohgy9CR5gkRiHsiN+9BF9N8xY9WJ9TeEkhE6lDYw3AYoqb3MvxtEMNteUUKxU2MZbEapmpPEg2h6bwdqYa5vES1e+HUMXYd8ziMpDjB4dRuY1V1RdOmmsyy43nfWSpY4nQmLxHU6CMfiCxsTsZfRcBgL6Wil8QNSOsJwdNnaw1F9ZqAnbNLhHzkH5VH1hfAQWc66k7/AHg9S1OmFHh5nnLfZc3LMeth4sDb6WkmWqkbGpUTMgYgXJe3W3/7NAuIQgC41EziU1L3O+W3gNDbzuPQdJcKV0GuqXsTZtQdL+caLonJJ9jmpQA13+0GZIq4VxV9qgAFr/END0jRcVSPzj6x1JMV4J+EyqoJUWtLmqodmH1lOIZdMpEZSTEeKa/5ZlOJ8aLm2yjlFxxvfFTVZW9ecruW2fTwjDHGoqkMKmLvrKziGi1qp/f5SDFjrComlkSQXiMbYBb2JN/yA+8ZUHuniL+Vr/nMzXftqL8wBfkBz8dJoHqBALcyqjw2+wlYxo8T1ebnKl4BcYBkCjZfzvrFGDfU+J+hjfE7nXQ2HnfnFCUypPc5js5EFVEivHYW4zDcR0q5hK3S0yGasy2onLUjvE4MHUDWL34e3SGyfFgwqySOZaMC3SEUMJY6zWZRZPB4UtqdAfWanhlBUFgPGLMHT2jtHAEnJnTCKWwLjWIsVUfE23d3xjwl1Hu1Gxc6/wBKgX8y0z71gzuzfCN/6RvbxNhDuF1zUqsgOUgaG1wjCwtuN9R/hvyi0CUtm4q40CzfhOUjoTci/TYxa/F2ZmyMQt7+PLeBYfGqS4t2jdKgc7lFOVvE9k6RI+J2ynSw06dR36jeLK+jv9DijJuUkaRMZfnb7H9J6MVY68pnVxR6yypXLnKDpYXPlyi0evUeh2eLMxyqCT3bDxP7MmFdj2qgA6KLn1P6RbRdVFl0loxMBuK8GVatKzWtBmeVF5ZRo4JZApqx6zqNcg3vaDXnjnQ+ENEpztE8GC9ZbAaMCdeV9ppVsyDuJt6n9Yn4Phfn+vq3/wBY2ayqFHSwHhb87yp405cpNir+LIe3Isxt/KoA+pP0hNWnmGYbH7j9iAYs2NxtcIneAbufX7xvh0/4R/rNvDUflFZo9guBflCaiXgarkceMa5LiAogApOZRLqlO0gqRWOiC0x0li4ful6JJMbQDHtJQJVjMVYWG50HidBKqteD4RfeV0F/hu5/wi4+tpgSlSPXodoINiVUnuXVv33TqVZaNEvce8chx3A8h1/vOxz5M7X2zBR1ZgR/uJ8oM/DXKJuztlFjoFFhseQA3PdGXRLthWAqOKbZteych/m1OW/Tc25HxgwqTypWy6KdFuF6m/xMRyvr5WgyPFaPXwPihgKukLoOLWJsevLzilH18IUlWK0dsZ2Ms5E8fE28eQgX8Rpb0ltBLdptT9vCLRTlfRnyZHNGfDuCVq1mVcqH530B8BuY7peydJdXqOx/lso+oJlzw554p7Zk81pGs+lppsVweguwf/NM/jqCq+RSbAAnNbQ79OlvWBPdE5epi4uhxgNEQAaZreWg/wBsniQ2YAbql/MntH6mRwDhgqAbFSO8X1hDMA6nftBW8CAD9ZQ4RKtqj5lIsosF6G9yY4QkKB1JsO4c4vwmFyu6nQByPIDf7wTiHEcz9k9ldFI6Dc+ZhcbdIyklsa4ldjGFBrqJn8NjS2hsb6b6+kYpisi9ocriI4taLRnFhdQzxNeUKTCsQGzJq2W1ze+50tyAPpJ4nBsiggqSTa2o8Tc/pBwbNzivIPpA8TU6fcSWIrotw9ZFHQE1G9BtForoW7CO5OxfQeIQfnKLDLyI88fASKLML6AdSRaE8KUB2yIT2GGc31JI0VTy752G4cXIZzmtrqLIPBefidIZicQEXKhA6k6m35RJcVpDK5bYn4++q9VGo5A3gVbir1NB2Raxsx1HQyWIxKObE2A3bcnwH28ZofZTg+Gq0PePTOYu4sWbYHTYjlaCqiGMlGSb6MssgGn0d/ZjCkf8sjvV3H5xbi/YlCL0qhU8g4zD1FjER2L1UX+DHI3OWo8lxHhtWg2WohHRhqreDflvBkN4Wjrx5E+g6gNbnyhS1ICjywVIrR1xkavE4wIuao+Uchew8O/wi8cTJ1VbLyZ2VFPhmu30mVx3EWL5swd/x2uq/wAtJToB/MdTy6kG5Y3JJPUkk+plo4r9z/g+Vcq6NwcWxF/dq45+7dHPpoT5TM4Ns9U5wQTe4IIOYkaEbiB02Km6kg9RpNJw6oK6ZnsKq6BwNWQWzefK/LlKLDGO0Dm/IdTwQpUi6i7G+m+UdPHQE9IHRpm+Ub5kHmNTDOH4knPb4NgebN8zDu5eU6hTFnKnmVBP4mF2bwC/lA18DJivjT2qFL2Djfpe1pnHQhrHQjeafHYYV9tGHwd4t8B6HS4ifErdQxFjqrX0Nxax17vtGhk4jfR59MAjPCKWRszMbFAoLEgFmtsYEEEKw9UoBYDRg2vVdge6PkywlHS2Zelyxeh/xEZMOXRmRzWyAoxXshSWGngZnKlRiDdne9r52Z/uYTica7qFcjKGZwLW7TXufqZChQd9ERn/AKFLfaCGWMVXG2N/p5HtySRQlM20FvpH/C8MiKGNiza3PyjuErw3Aa4OepTKINSWKgnuy3v9J2Pe3zWvra2pGw15CDLllJVVCrDCD07HXuqjr2Mg8SPy5+MDrcHYAtVdSljmyOM1rGwGnM2gC4V1RAMwuMzakaHW0AxVdxmZnYKTZVBN2sOXQdTOeEbY8pJIuTBBFzsoLn4UGoTTdu/uj7D+0uRVRTTUKoXtVCToLfKJiXqM2h+H8Ivb+57zPUW0s8alHiyLlTtH03h/HnbZaNX+VKy5/JXUA+sf4DEUqxKLdKgFzTdSj265T8S/zLcd8+No9po+E8fIypiCXQEFXuRUptydHGot+7jSSfplH2tob6l9n0LHYNWVqdVQynQg/cfrPmftBwRsM4sS1N/gY7g75W7/ALjzn0inxUMBTrMC4AZKgFlq0zoHFtAw0DDkSCNCINxLCLWpvSf5hofwt8reR/OI2/JfBkcJfhny1WngYnb1nPTKsUfQqSrDvU2I9RPGcDaY9hS1YnQXhKiVUhLp1o+cZ1474LVylSOlvqxJ+oiWMeFG5I6azPoyGOPx4VlpoNBa4G3h4QjiNYqEpldWQsxvYjM1gBbbRRFOHTPjMg1/4oXx2zH0UzRccoL7wvcWRAtv5rkj7j0iyTUbMncqEiFg7sPhFgRobgen3jmmVcXuBcbtpfpvudPpEVNzlPedTDkW+RBpux/p5X8byMcnF7KNX0OuD8Cp1iM6La9i2VLac9wfpGvCvZzCGtjc9IFMOaSqDmP/AKOdza+pNxEvCqrgk0iyFFdzY9jKg1JQ3B8BYmaPDYN0V/eVCTiiHqKgAW5RUIBNyBYWnQssGiS+or2/5LzwuigzJhaNPvc00+qh/vKKmIc6Ic3dSQkf53Kr9Ixp4VL5smZvxOS58i15XiccinJmLv8AgQZ2HiBov+IiZ569qBwcn9zEOLo1Spzkgd7hj5hFVR9YuGFQNcorGwvn2AB07I3jviRdkLMq00Gt2YFtBsbdlfUzI4nEdmo6m4C7gk7Dl6yKcpy2VVRiXcU4wD2EN+psAqqBckDmbXmWxFXO2a1tBYXvYDbw/vCFQlKjnfKB65V+xMppJLrFxlQjyclZC08k2WdCIRDSaPKiZ4DCwmw4Tiy+EqKx7eFIqoeYpnSoveLXNu4dJcfbanYqiklV0ZgbM1uSjW3iRAfYkXeuD8JoVA3gR/YwX2N4QlTE00cZkdHJHQhQR9TJvA5Jy+B1NJpMTY7iLVHZ3tnc3bKLC9gNuW08pYOtUYqqnS1+6+3rLPajBrSxdemg7KvZeemVT+cN4VxU005tSvsPjouehPyN6HXmNYyi49HS88n9t6EdKXKILSaGA2F97zoRyM600PCsIlHDPiq1wGZadHqxzDOwHMC1vIyvg3BQ49/iCaWGTVm+Z/5KQ3JP4vTuo4/jKuMq0kRMlI9jDU1OgQNl9dNTGSvQvQ29n8Ki12xAYFMrFP620+gJi/jXFEdig2B35E+I/esde0aJgsMmGWzVmF2Ybgn4mPQaWA8JhMsP0pTVeEBTUXZo8Dh3CAqufNqL7eRG8aYXBEvmuEcKOw+mbXl1At8syOAx9Si2am5XqNCp/qU6Ga7Ce1yVEZK1PJUIGR0F1LgjJoe0hvzuR4TlyYJRLRyJgZx3vHCAZQFKkX+azC56m7TecQxNgtrXuQL6DUdwJ5dOc+ZcEN6t+hB/9xL/AEvNXhXao66ns9v0IH5ybVIL7H1YrouIqsznX3FENtfTME7bDTdiqnpPB73LlppTwyDkQrvb+hewh7yWmdxftzTpoUw1LO5Zi9R+whck3Nh2nPptMhxPjGIr/wDOqkj8C9lP8o387yuPFKXgSUkjX8R4rg0N3c4ioO/3hB7tkQ+FoDglGJw2LdVK2zFVJuQAgO/+EzIKunSa3/8AnWLVcQ9F/hrJYX2LLc281Lek6oYXD7mSlPlpFXCsH71Hpj4npFl72Wxt9vSZ/KQSLWImgrU6mDruqmzUGzITsyG5W/cVuD5wvjnDVrg4nDAjMA1Wl86ORc9n5gd+/cTo9TFWpLpolhbScX4ZkmaVs0sqd417v3pB2acjaL0SJkQ0rLx3wrhC299iWyUl17W7dyrub9ILGoPwT/w+CqudHrj3adbMLEjwUsfMRt7B4f8A8xn/AOnSC/4nYaein1mYxWPOIqhypWnT7NNN+enixNr+Q5TVYeqcJhXc/GwO3OowsoB6KLeg6zpT4Ynfn+iL3NV4MZ7S4kPicQ42aq9vANlB9FEX4aqyG45izDkyndW7jK2hOGw5acUnrZ0xW9F2GxVEn/jIx6lCAT46i8aUuJYZO1Sw2ZuRqkvY9QpNoBh8BRc2NTJfwIB7xvaSweEyVMlW2UMAWBBGuxBG6m41EqoqVtMm20GValfFOPeMWHyqNh4DYDw87wzFVf4XE0HKgmgi2Ta7nObf94vL8R7SUMOpTDp7x9i7AqgI059pj6DvmdxeKat/xXJZ72c9xuUsBoALMNO6dGFLdfBJuXbI43FvVqNVqNmdzcn7ADkB0lVSqWCg27IsLC2nf1kZ06IpJUibdsiRLcOvbTT51te9tGHrIS6nVYsik6KwsOl2BMXIlxf6Hi/uQw9nj2nPRT/pdv8AbNNwqrkSq/4UH2dj/pEzHs/8Ln+UfVHH+4R075cFWb8Rdf8AtRR/rM8dK2kdbMeiHKN+l++3WStLPfNkCX7IOYDv2vIXnsxikkkcLbb2W4esUYMtrja4uNrbTylWZHV0NnVgykcmBuDK500tqgLTs0nEOIjFVGqWszikhXo1lU27rlrGaLGcPJctTco6KoVhzHaJDD5l1HpMTwdSKgqckNx0LDUDw5zW4P2pw9Ts1OwwJAY3yHvVxqnnbxiT9qUuujR9zoV8WLXvicMGP/Up7nvNrGIq4w4CsUqqGvlzXAOU2OXrYm02GN4sikrSIqOd3JzKo5C438BEmJwjVjnYgnkz31H8iDRU9B0vvIvCmrul8lVl3xq2IhxCmmtOnryLa/3+s5lq12U1GJGyqPsq8oxfCqh1ZR/SAv6mM+GVlHwILnd3OVfMntN4CScsUNt3/RRKUtJUGcD4Hlyu4sQbIg1sTtb8TH6epgXt/iMjJhwRdRncDUKT8FO/MgXYnqR0miTHBB2GLuRb3hGXIDutNPkHfuZ85405NeoWNznI/wAvZ/Kczzyyy/BVY1BAVpoeDYXsA23J9BpM9N1w7D5aaf0j6i8E3SK4lsx6ANuNh+Y/WG0VFrWns6RbYhTxanqjj51s39VM5GPmMp8zBMILsV/ECPPcH1Ans6ej6VvX6I5emRElOnTtRzHT2j8a+InTouX2P9DR9yGvCAVpPfmB/qp/rGnGTlwKL+J/97n/AONZ06eVj96OuXTMopkp06eucLOkqSFmAG5Np06b4B8jLGsEUU16anu5+Z1g/DcH7x7HRVGZyN8o5DvO3nOnTm9VJ8i3p0uJt6XDUy9tFJNriwIABsFHcP1MFxPB6RNlTVu89O8zp085zlXZ0xSFOJpopsqKAumg1J5kncyygMxE6dJS6KLs2PAuEBxdtp8v9paYGLrAaj3jkeBa4+86dB6f3MM+hbzn0nDWyJ/Sv2E6dOjIHEf/2Q==','Alonso','Terror','2001-03-20','19');
/*!40000 ALTER TABLE `peliculas` ENABLE KEYS */;
UNLOCK TABLES;

--
-- Table structure for table `personajes`
--

DROP TABLE IF EXISTS `personajes`;
/*!40101 SET @saved_cs_client     = @@character_set_client */;
/*!50503 SET character_set_client = utf8mb4 */;
CREATE TABLE `personajes` (
  `per_act_id` int NOT NULL,
  `per_peli_id` int NOT NULL,
  `per_nombre` varchar(100) NOT NULL
) ENGINE=InnoDB DEFAULT CHARSET=utf8mb4 COLLATE=utf8mb4_0900_ai_ci;
/*!40101 SET character_set_client = @saved_cs_client */;

--
-- Dumping data for table `personajes`
--

LOCK TABLES `personajes` WRITE;
/*!40000 ALTER TABLE `personajes` DISABLE KEYS */;
INSERT INTO `personajes` VALUES (1,1,'Spiderman'),(2,1,'MJ'),(3,2,'Neo'),(4,2,'Trinity'),(5,4,'Jack'),(6,4,'Rose'),(9,11,'James Bond'),(10,11,'Chica Bond'),(12,1,'Spiderman Tobbie');
/*!40000 ALTER TABLE `personajes` ENABLE KEYS */;
UNLOCK TABLES;

--
-- Table structure for table `personas`
--

DROP TABLE IF EXISTS `personas`;
/*!40101 SET @saved_cs_client     = @@character_set_client */;
/*!50503 SET character_set_client = utf8mb4 */;
CREATE TABLE `personas` (
  `per_id` int unsigned NOT NULL AUTO_INCREMENT,
  `per_nombres` varchar(100) NOT NULL,
  `per_apellidos` varchar(100) NOT NULL,
  `per_dni` char(8) NOT NULL,
  `per_fec_nac` datetime DEFAULT NULL,
  PRIMARY KEY (`per_id`),
  UNIQUE KEY `per_dni` (`per_dni`)
) ENGINE=InnoDB AUTO_INCREMENT=7 DEFAULT CHARSET=utf8mb4 COLLATE=utf8mb4_0900_ai_ci;
/*!40101 SET character_set_client = @saved_cs_client */;

--
-- Dumping data for table `personas`
--

LOCK TABLES `personas` WRITE;
/*!40000 ALTER TABLE `personas` DISABLE KEYS */;
INSERT INTO `personas` VALUES (1,'Sofia','Casas','11111111','1990-12-12 00:00:00'),(2,'Malena','Ruiz','22222222','1991-12-12 01:00:00'),(3,'Pedro','Rodriguez','33333333','1992-12-12 01:00:00'),(4,'Javier','Perez','44444444','1993-12-12 02:00:00'),(5,'Sebastian','Piñera','55555555','1980-12-12 00:00:00');
/*!40000 ALTER TABLE `personas` ENABLE KEYS */;
UNLOCK TABLES;
/*!40103 SET TIME_ZONE=@OLD_TIME_ZONE */;

/*!40101 SET SQL_MODE=@OLD_SQL_MODE */;
/*!40014 SET FOREIGN_KEY_CHECKS=@OLD_FOREIGN_KEY_CHECKS */;
/*!40014 SET UNIQUE_CHECKS=@OLD_UNIQUE_CHECKS */;
/*!40101 SET CHARACTER_SET_CLIENT=@OLD_CHARACTER_SET_CLIENT */;
/*!40101 SET CHARACTER_SET_RESULTS=@OLD_CHARACTER_SET_RESULTS */;
/*!40101 SET COLLATION_CONNECTION=@OLD_COLLATION_CONNECTION */;
/*!40111 SET SQL_NOTES=@OLD_SQL_NOTES */;

-- Dump completed on 2023-01-06 22:28:13
